timestamp,user,path,action,bytes
2025-09-27T19:18:44.052344Z,robinsonwilliam,/home/user/secrets.txt,WRITE,4705059
2025-09-25T19:33:27.057346Z,xreid,/shared/hr/payroll.csv,DELETE,1738772
2025-09-29T09:43:39.062347Z,mitchellclark,/shared/hr/payroll.csv,DELETE,4762894
2025-09-26T03:07:49.064341Z,maria95,/shared/finance/q1.xlsx,READ,2502850
2025-10-01T08:45:40.069347Z,lrobinson,/home/user/secrets.txt,DELETE,676263
2025-09-26T10:40:43.070348Z,jamesmichael,/shared/hr/payroll.csv,READ,819447
2025-09-30T23:46:01.075343Z,mitchellclark,/home/user/secrets.txt,WRITE,2334925
2025-09-25T20:14:13.078354Z,jamesmichael,/tmp/test.bin,DOWNLOAD,1558214
2025-09-30T15:25:34.082340Z,janetwilliams,/shared/hr/payroll.csv,WRITE,3600650
2025-09-29T06:08:58.083341Z,lisa02,/shared/hr/payroll.csv,READ,2530418
2025-10-01T17:14:30.084358Z,xreid,/shared/finance/q1.xlsx,WRITE,4268332
2025-10-01T00:32:39.086345Z,lisa02,/home/user/secrets.txt,DOWNLOAD,4127437
2025-09-27T22:31:16.086345Z,cassandra07,/home/user/secrets.txt,DOWNLOAD,3909553
2025-09-25T12:26:02.087349Z,dudleynicholas,/home/user/secrets.txt,DELETE,3323939
2025-10-01T09:24:09.087349Z,garzaanthony,/tmp/test.bin,DOWNLOAD,4161809
2025-09-26T15:52:44.088348Z,lrobinson,/shared/hr/payroll.csv,DOWNLOAD,1151219
2025-09-28T22:11:35.089346Z,mitchellclark,/tmp/test.bin,DELETE,4898854
2025-09-25T21:22:57.093346Z,maria95,/shared/finance/q1.xlsx,READ,2834934
2025-10-01T02:06:51.094345Z,lrobinson,/tmp/test.bin,DOWNLOAD,1288405
2025-09-30T17:01:33.094345Z,susanrogers,/shared/finance/q1.xlsx,WRITE,811200
2025-09-24T19:36:36.095340Z,mitchellclark,/tmp/test.bin,READ,4211932
2025-09-30T22:28:16.095340Z,jacqueline19,/home/user/secrets.txt,DELETE,2682253
2025-09-28T13:03:16.095340Z,susanrogers,/shared/hr/payroll.csv,DELETE,3446795
2025-09-25T18:47:43.096337Z,jacqueline19,/shared/hr/payroll.csv,DELETE,2351718
2025-09-27T09:01:23.097338Z,donaldgarcia,/shared/finance/q1.xlsx,DOWNLOAD,424121
2025-09-28T16:35:24.097338Z,xreid,/tmp/test.bin,DELETE,3850354
2025-09-29T07:38:57.099343Z,dudleynicholas,/shared/finance/q1.xlsx,WRITE,1152303
2025-09-25T09:19:46.099343Z,lisa02,/shared/hr/payroll.csv,DOWNLOAD,4364495
2025-09-25T15:13:13.104339Z,cassandra07,/shared/hr/payroll.csv,WRITE,1491601
2025-09-29T23:39:37.104339Z,cassandra07,/shared/finance/q1.xlsx,READ,3194971
2025-09-27T17:33:35.106338Z,jacqueline19,/home/user/secrets.txt,WRITE,2784040
2025-09-29T03:53:53.106338Z,maria95,/shared/finance/q1.xlsx,READ,1768163
2025-09-27T00:58:02.107343Z,robinsonwilliam,/home/user/secrets.txt,DELETE,3419471
2025-09-26T10:30:27.107343Z,janetwilliams,/shared/hr/payroll.csv,READ,2361539
2025-09-29T04:48:27.107343Z,johnsonjoshua,/tmp/test.bin,READ,2555934
2025-09-25T22:11:35.108342Z,jacqueline19,/shared/hr/payroll.csv,WRITE,2781351
2025-09-25T22:31:30.110352Z,dudleynicholas,/shared/hr/payroll.csv,READ,4039254
2025-09-27T14:10:47.110352Z,johnsonjoshua,/home/user/secrets.txt,DELETE,1406951
2025-09-30T18:40:36.112341Z,cassandra07,/shared/hr/payroll.csv,WRITE,3110790
2025-09-28T07:07:30.113338Z,lrobinson,/shared/finance/q1.xlsx,READ,4610317
2025-09-26T00:42:02.115342Z,lrobinson,/shared/hr/payroll.csv,WRITE,2259960
2025-09-26T12:05:49.115342Z,dudleynicholas,/shared/hr/payroll.csv,WRITE,4658529
2025-09-27T11:43:38.116338Z,robinsonwilliam,/shared/finance/q1.xlsx,DOWNLOAD,1017013
2025-09-26T15:07:37.116338Z,lisa02,/home/user/secrets.txt,WRITE,2830218
2025-09-26T22:21:06.116338Z,xreid,/tmp/test.bin,READ,221164
2025-09-26T01:54:36.117341Z,robinsonwilliam,/shared/hr/payroll.csv,DELETE,3994275
2025-09-27T07:26:52.117341Z,susanrogers,/shared/finance/q1.xlsx,DOWNLOAD,2582585
2025-09-25T07:03:00.117341Z,johnsonjoshua,/home/user/secrets.txt,DELETE,2388042
2025-09-30T05:34:10.118346Z,lisa02,/shared/finance/q1.xlsx,DELETE,2258172
2025-09-26T01:02:59.118346Z,johnsonjoshua,/tmp/test.bin,READ,4556624
2025-09-24T19:49:24.122342Z,susanrogers,/shared/hr/payroll.csv,DELETE,770956
2025-09-26T11:29:22.122342Z,garzaanthony,/shared/finance/q1.xlsx,DELETE,2918650
2025-09-24T18:26:05.123342Z,robinsonwilliam,/tmp/test.bin,DOWNLOAD,4992330
2025-09-27T12:32:16.123342Z,michellejames,/tmp/test.bin,DOWNLOAD,3064087
2025-09-28T01:55:51.125337Z,mitchellclark,/shared/hr/payroll.csv,DELETE,2981127
2025-09-27T18:04:43.125337Z,susanrogers,/home/user/secrets.txt,DOWNLOAD,2620456
2025-09-25T15:40:38.126340Z,susanrogers,/shared/finance/q1.xlsx,DOWNLOAD,1124800
2025-09-29T14:24:44.126340Z,dudleynicholas,/home/user/secrets.txt,WRITE,554791
2025-09-27T19:46:30.127339Z,jamesmichael,/home/user/secrets.txt,DOWNLOAD,3469186
2025-09-25T23:25:43.127339Z,kendragalloway,/tmp/test.bin,WRITE,1819269
2025-09-30T22:13:52.129344Z,johnsonjoshua,/home/user/secrets.txt,DELETE,2134208
2025-09-26T13:46:22.131341Z,mitchellclark,/tmp/test.bin,READ,722423
2025-09-26T13:59:40.133339Z,hoffmanjennifer,/home/user/secrets.txt,DOWNLOAD,3825445
2025-09-30T17:57:25.134348Z,jamesmichael,/shared/finance/q1.xlsx,DELETE,4066463
2025-09-30T08:12:15.135352Z,xreid,/shared/hr/payroll.csv,READ,2217910
2025-10-01T03:26:19.138342Z,xreid,/home/user/secrets.txt,READ,1444929
2025-09-28T06:57:32.140348Z,mitchellclark,/shared/finance/q1.xlsx,READ,3055072
2025-09-29T20:19:19.140348Z,hoffmanjennifer,/shared/hr/payroll.csv,WRITE,2475994
2025-09-27T18:39:29.141339Z,amandasanchez,/tmp/test.bin,WRITE,2078960
2025-09-26T02:54:35.141339Z,garzaanthony,/tmp/test.bin,READ,3815481
2025-09-30T22:28:23.142346Z,mitchellclark,/shared/hr/payroll.csv,WRITE,4687474
2025-09-28T02:09:15.143340Z,hoffmanjennifer,/tmp/test.bin,WRITE,4476521
2025-09-25T08:59:05.145342Z,garzaanthony,/home/user/secrets.txt,DELETE,3981343
2025-09-28T01:28:06.145342Z,jacqueline19,/tmp/test.bin,READ,2533300
2025-09-27T08:37:11.145342Z,kendragalloway,/shared/hr/payroll.csv,DOWNLOAD,559728
2025-09-27T08:47:36.146338Z,janetwilliams,/home/user/secrets.txt,READ,2287324
2025-09-27T12:33:59.146338Z,lisa02,/home/user/secrets.txt,READ,4022490
2025-09-30T19:20:52.147339Z,hoffmanjennifer,/shared/finance/q1.xlsx,DOWNLOAD,937193
2025-10-01T16:43:44.147339Z,lrobinson,/shared/hr/payroll.csv,WRITE,4505743
2025-09-30T09:51:29.147339Z,lisa02,/shared/hr/payroll.csv,READ,3908266
2025-09-29T11:00:08.148343Z,dudleynicholas,/tmp/test.bin,DELETE,3590002
2025-10-01T02:35:44.148343Z,maria95,/home/user/secrets.txt,READ,835533
2025-09-27T00:39:43.149342Z,mitchellclark,/tmp/test.bin,WRITE,2621101
2025-09-27T03:57:57.150337Z,jpeterson,/tmp/test.bin,READ,2655114
2025-09-29T22:57:23.150337Z,johnsonjoshua,/home/user/secrets.txt,DELETE,3879619
2025-09-30T23:28:13.151352Z,mitchellclark,/shared/finance/q1.xlsx,DELETE,2499630
2025-09-25T00:59:46.152355Z,michellejames,/shared/finance/q1.xlsx,WRITE,2122174
2025-10-01T08:07:16.152355Z,dudleynicholas,/tmp/test.bin,DELETE,3408197
2025-09-29T22:31:02.153344Z,jacqueline19,/tmp/test.bin,DOWNLOAD,2182361
2025-09-29T10:50:02.153344Z,johnsonjoshua,/home/user/secrets.txt,WRITE,2373701
2025-09-25T15:15:47.153344Z,amandasanchez,/home/user/secrets.txt,DELETE,1424943
2025-09-28T13:19:21.154348Z,kendragalloway,/shared/hr/payroll.csv,DOWNLOAD,2373351
2025-09-29T05:20:26.155347Z,jacqueline19,/tmp/test.bin,READ,172067
2025-10-01T04:05:17.156346Z,xreid,/tmp/test.bin,DELETE,4769223
2025-09-25T18:10:55.158342Z,kendragalloway,/tmp/test.bin,READ,3489529
2025-10-01T04:23:40.158342Z,mitchellclark,/shared/hr/payroll.csv,DELETE,2979977
2025-10-01T16:04:16.159342Z,mitchellclark,/home/user/secrets.txt,DOWNLOAD,3487562
2025-09-28T03:51:14.159342Z,dudleynicholas,/home/user/secrets.txt,READ,4360216
2025-10-01T11:10:04.160338Z,dudleynicholas,/shared/hr/payroll.csv,DELETE,1342406
2025-09-27T06:25:30.160338Z,robinsonwilliam,/home/user/secrets.txt,DOWNLOAD,654921
2025-09-30T04:18:13.160338Z,jacqueline19,/home/user/secrets.txt,DOWNLOAD,3839573
2025-09-29T21:20:12.161337Z,xreid,/shared/hr/payroll.csv,READ,4385375
2025-09-24T19:04:27.161337Z,michellejames,/shared/finance/q1.xlsx,DOWNLOAD,4036400
2025-09-26T22:49:20.161337Z,cassandra07,/tmp/test.bin,DOWNLOAD,1953054
2025-09-28T15:04:53.162338Z,johnsonjoshua,/shared/finance/q1.xlsx,DELETE,3204540
2025-09-28T20:11:41.162338Z,hoffmanjennifer,/shared/finance/q1.xlsx,READ,1699191
2025-09-30T12:25:23.163346Z,jpeterson,/shared/finance/q1.xlsx,DELETE,4647920
2025-09-28T17:10:36.165348Z,donaldgarcia,/home/user/secrets.txt,DOWNLOAD,624451
2025-10-01T02:01:53.166342Z,amandasanchez,/home/user/secrets.txt,READ,3707080
2025-09-27T13:50:46.166342Z,dudleynicholas,/home/user/secrets.txt,READ,3540505
2025-09-26T02:06:04.167341Z,garzaanthony,/shared/finance/q1.xlsx,WRITE,1931678
2025-09-27T09:09:31.167341Z,michellejames,/tmp/test.bin,WRITE,4913093
2025-09-27T09:23:47.169344Z,dudleynicholas,/home/user/secrets.txt,DELETE,636598
2025-09-25T03:47:35.169344Z,xreid,/shared/hr/payroll.csv,WRITE,1156496
2025-09-29T21:13:27.170340Z,hoffmanjennifer,/shared/finance/q1.xlsx,READ,1167146
2025-10-01T01:15:19.170340Z,garzaanthony,/shared/hr/payroll.csv,READ,3813995
2025-09-25T23:42:01.170340Z,lrobinson,/home/user/secrets.txt,DELETE,3625562
2025-09-29T07:44:23.172343Z,lisa02,/home/user/secrets.txt,DELETE,2001021
2025-09-30T22:22:42.172343Z,maria95,/shared/hr/payroll.csv,DELETE,368586
2025-09-25T10:06:01.173339Z,hoffmanjennifer,/home/user/secrets.txt,WRITE,3200135
2025-09-26T12:28:00.175343Z,garzaanthony,/tmp/test.bin,DOWNLOAD,2418773
2025-10-01T05:47:51.176338Z,robinsonwilliam,/shared/finance/q1.xlsx,DELETE,60621
2025-09-27T08:29:02.179348Z,hoffmanjennifer,/home/user/secrets.txt,WRITE,76609
2025-09-30T04:49:54.181339Z,michellejames,/tmp/test.bin,DOWNLOAD,4968657
2025-09-28T11:29:51.183339Z,robinsonwilliam,/tmp/test.bin,WRITE,4499879
2025-09-30T07:23:21.183339Z,hoffmanjennifer,/home/user/secrets.txt,DOWNLOAD,2229688
2025-09-26T12:50:27.183339Z,michellejames,/home/user/secrets.txt,READ,2870086
2025-09-25T01:09:51.186348Z,amandasanchez,/home/user/secrets.txt,DELETE,2252464
2025-09-28T04:05:43.186348Z,jamesmichael,/shared/hr/payroll.csv,WRITE,3425428
2025-09-27T15:25:36.187347Z,johnsonjoshua,/shared/finance/q1.xlsx,READ,4549730
2025-09-29T22:14:06.188341Z,robinsonwilliam,/shared/hr/payroll.csv,WRITE,3567209
2025-09-25T18:02:30.188341Z,cassandra07,/tmp/test.bin,DELETE,2678614
2025-09-27T08:52:56.189346Z,xreid,/shared/finance/q1.xlsx,READ,2930539
2025-09-29T12:29:07.190339Z,janetwilliams,/shared/finance/q1.xlsx,WRITE,3290775
2025-09-29T19:04:53.191347Z,cassandra07,/home/user/secrets.txt,WRITE,1181641
2025-09-28T08:23:59.191347Z,amandasanchez,/shared/hr/payroll.csv,WRITE,571782
2025-10-01T15:40:35.192341Z,hoffmanjennifer,/shared/finance/q1.xlsx,WRITE,4704334
2025-09-27T14:15:06.192341Z,jacqueline19,/shared/hr/payroll.csv,READ,2661578
2025-09-27T12:36:09.193341Z,robinsonwilliam,/home/user/secrets.txt,DOWNLOAD,1813090
2025-09-26T23:59:50.194340Z,dudleynicholas,/tmp/test.bin,WRITE,4661881
2025-09-30T06:20:46.199346Z,donaldgarcia,/home/user/secrets.txt,DOWNLOAD,3747860
2025-09-28T09:37:14.200339Z,mitchellclark,/tmp/test.bin,WRITE,4983245
2025-09-30T12:28:58.200339Z,xreid,/tmp/test.bin,DOWNLOAD,3295761
2025-09-27T11:49:03.201348Z,johnsonjoshua,/shared/hr/payroll.csv,DOWNLOAD,4115969
2025-09-27T09:56:58.201348Z,michellejames,/tmp/test.bin,WRITE,1188104
2025-09-24T20:56:12.203339Z,susanrogers,/shared/hr/payroll.csv,READ,2494219
2025-09-25T21:05:47.204348Z,robinsonwilliam,/shared/finance/q1.xlsx,DELETE,3393672
2025-09-24T21:39:07.204348Z,jamesmichael,/shared/hr/payroll.csv,DOWNLOAD,1007694
2025-09-25T21:05:20.205341Z,lisa02,/shared/hr/payroll.csv,DOWNLOAD,572187
2025-09-30T13:52:14.205341Z,amandasanchez,/shared/finance/q1.xlsx,WRITE,1943676
2025-09-29T09:58:47.206352Z,johnsonjoshua,/home/user/secrets.txt,DOWNLOAD,4433626
2025-09-28T05:33:05.206352Z,amandasanchez,/shared/hr/payroll.csv,READ,1879226
2025-09-28T04:49:07.207345Z,garzaanthony,/shared/hr/payroll.csv,DELETE,2048870
2025-09-27T08:33:36.210339Z,mitchellclark,/home/user/secrets.txt,DELETE,2039046
2025-09-26T05:43:57.211340Z,hoffmanjennifer,/tmp/test.bin,WRITE,1509242
2025-09-28T08:56:31.212347Z,michellejames,/home/user/secrets.txt,DOWNLOAD,4354819
2025-09-26T13:45:43.212347Z,robinsonwilliam,/home/user/secrets.txt,DELETE,4791280
2025-09-30T03:36:10.213341Z,xreid,/home/user/secrets.txt,DOWNLOAD,2370617
2025-10-01T04:41:59.214344Z,jamesmichael,/tmp/test.bin,WRITE,2850797
2025-10-01T12:09:22.214344Z,mitchellclark,/home/user/secrets.txt,READ,302618
2025-09-28T07:08:44.215339Z,jamesmichael,/tmp/test.bin,DELETE,4054629
2025-09-24T21:46:05.216549Z,robinsonwilliam,/shared/hr/payroll.csv,DELETE,3117473
2025-09-27T02:26:55.217488Z,johnsonjoshua,/shared/finance/q1.xlsx,WRITE,4381519
2025-09-30T19:19:57.217488Z,jacqueline19,/tmp/test.bin,READ,2712354
2025-09-24T20:20:26.220480Z,lrobinson,/tmp/test.bin,WRITE,4512641
2025-09-30T08:24:25.220480Z,janetwilliams,/tmp/test.bin,DELETE,263805
2025-09-29T15:52:17.221479Z,xreid,/shared/finance/q1.xlsx,WRITE,1681131
2025-09-28T02:02:39.221479Z,johnsonjoshua,/home/user/secrets.txt,READ,1771945
2025-09-28T14:53:22.222480Z,janetwilliams,/shared/finance/q1.xlsx,DELETE,4950562
2025-09-27T10:02:22.223480Z,jamesmichael,/shared/hr/payroll.csv,WRITE,2459872
2025-09-24T19:42:17.223480Z,xreid,/tmp/test.bin,READ,1607623
2025-09-28T07:00:11.224481Z,amandasanchez,/shared/finance/q1.xlsx,DOWNLOAD,1520522
2025-09-26T15:26:00.224481Z,lisa02,/shared/hr/payroll.csv,DOWNLOAD,4931781
2025-09-26T12:17:51.224481Z,jacqueline19,/home/user/secrets.txt,DELETE,4738661
2025-09-28T06:36:14.225492Z,mitchellclark,/tmp/test.bin,DOWNLOAD,3891592
2025-09-25T01:11:29.225492Z,amandasanchez,/shared/hr/payroll.csv,READ,3266015
2025-09-26T03:35:44.225492Z,lrobinson,/tmp/test.bin,WRITE,1483759
2025-09-30T05:51:20.226481Z,robinsonwilliam,/tmp/test.bin,DOWNLOAD,3595261
2025-09-26T04:12:10.227486Z,xreid,/home/user/secrets.txt,DELETE,4184155
2025-09-24T20:55:33.227486Z,johnsonjoshua,/shared/finance/q1.xlsx,READ,3746627
2025-09-28T17:27:25.228489Z,robinsonwilliam,/shared/hr/payroll.csv,DELETE,4464333
2025-09-30T10:52:19.229484Z,susanrogers,/home/user/secrets.txt,DOWNLOAD,2298168
2025-09-27T18:36:36.231488Z,lisa02,/home/user/secrets.txt,DELETE,581052
2025-09-26T07:50:47.232481Z,lisa02,/home/user/secrets.txt,DOWNLOAD,412839
2025-09-28T16:58:36.234482Z,robinsonwilliam,/shared/finance/q1.xlsx,WRITE,1897699
2025-10-01T03:44:35.235480Z,mitchellclark,/tmp/test.bin,WRITE,2335567
2025-09-30T01:07:25.235480Z,jamesmichael,/shared/finance/q1.xlsx,READ,3442479
2025-09-27T11:31:10.236479Z,kendragalloway,/tmp/test.bin,READ,2799809
2025-09-27T01:14:16.238711Z,kendragalloway,/home/user/secrets.txt,DOWNLOAD,4827282
2025-09-26T10:56:31.239702Z,hoffmanjennifer,/tmp/test.bin,DOWNLOAD,4958195
2025-09-30T15:33:41.239702Z,robinsonwilliam,/tmp/test.bin,DELETE,4191634
2025-09-29T14:17:30.240698Z,jacqueline19,/shared/hr/payroll.csv,WRITE,3696839
2025-10-01T00:54:52.240698Z,kendragalloway,/tmp/test.bin,READ,3005817
2025-09-25T05:47:34.242700Z,donaldgarcia,/shared/hr/payroll.csv,DOWNLOAD,2389132
2025-09-27T05:57:25.242700Z,jacqueline19,/shared/finance/q1.xlsx,WRITE,3657002
2025-09-25T08:02:12.243700Z,kendragalloway,/tmp/test.bin,READ,2061719
2025-09-27T02:57:12.243700Z,hoffmanjennifer,/shared/finance/q1.xlsx,WRITE,49506
2025-09-30T03:57:47.244708Z,lrobinson,/shared/hr/payroll.csv,DOWNLOAD,2061068
2025-09-27T08:16:33.245700Z,cassandra07,/home/user/secrets.txt,DELETE,553841
2025-09-26T07:13:45.246699Z,garzaanthony,/home/user/secrets.txt,DELETE,2207155
2025-09-29T20:28:50.246699Z,johnsonjoshua,/shared/finance/q1.xlsx,DELETE,590413
2025-09-27T20:39:55.247708Z,kendragalloway,/shared/finance/q1.xlsx,READ,3245560
2025-09-25T04:07:17.247807Z,michellejames,/home/user/secrets.txt,DELETE,1207060
2025-09-27T21:14:59.247807Z,jpeterson,/tmp/test.bin,READ,740141
2025-09-28T01:34:57.249200Z,dudleynicholas,/tmp/test.bin,DOWNLOAD,1328053
2025-09-26T16:43:14.249200Z,mitchellclark,/home/user/secrets.txt,DOWNLOAD,1815327
2025-09-28T23:18:36.249751Z,garzaanthony,/home/user/secrets.txt,DELETE,4800590
2025-09-28T10:18:43.250845Z,johnsonjoshua,/tmp/test.bin,DELETE,903829
2025-09-28T22:13:16.251952Z,hoffmanjennifer,/shared/finance/q1.xlsx,READ,1837112
2025-09-28T06:51:59.252505Z,lrobinson,/shared/hr/payroll.csv,DOWNLOAD,999650
2025-09-27T00:48:37.253051Z,lisa02,/shared/hr/payroll.csv,WRITE,4190887
2025-09-30T07:00:54.253051Z,johnsonjoshua,/shared/finance/q1.xlsx,DELETE,293540
2025-09-28T08:11:39.253602Z,jacqueline19,/shared/finance/q1.xlsx,READ,528568
2025-09-30T10:35:26.255131Z,dudleynicholas,/home/user/secrets.txt,READ,4232145
2025-09-27T15:43:12.256130Z,michellejames,/shared/finance/q1.xlsx,DOWNLOAD,3186422
2025-09-29T13:12:07.256130Z,donaldgarcia,/tmp/test.bin,READ,4211690
2025-09-25T21:33:17.256130Z,jacqueline19,/home/user/secrets.txt,READ,1670365
2025-09-25T09:11:59.257131Z,michellejames,/shared/finance/q1.xlsx,READ,945837
2025-09-26T12:11:54.258169Z,garzaanthony,/shared/hr/payroll.csv,DOWNLOAD,500573
2025-09-25T02:13:49.259159Z,susanrogers,/shared/finance/q1.xlsx,DELETE,901453
2025-09-29T21:48:11.260175Z,robinsonwilliam,/shared/hr/payroll.csv,DELETE,1982750
2025-09-29T01:48:39.260175Z,maria95,/tmp/test.bin,WRITE,1455785
2025-09-25T15:02:27.262153Z,susanrogers,/shared/hr/payroll.csv,READ,4201963
2025-09-29T08:06:48.263149Z,maria95,/shared/finance/q1.xlsx,DELETE,4087110
2025-09-27T05:51:02.263149Z,michellejames,/shared/finance/q1.xlsx,WRITE,4371228
2025-09-26T13:38:34.264155Z,maria95,/home/user/secrets.txt,DOWNLOAD,1272102
2025-09-26T01:24:19.264155Z,lisa02,/tmp/test.bin,DELETE,3121538
2025-09-28T10:42:33.264155Z,jacqueline19,/shared/finance/q1.xlsx,DOWNLOAD,4055019
2025-09-27T20:47:51.266150Z,jpeterson,/shared/finance/q1.xlsx,DELETE,2791126
2025-09-28T15:06:22.268157Z,mitchellclark,/shared/hr/payroll.csv,WRITE,2452129
2025-09-25T03:09:30.268157Z,lrobinson,/home/user/secrets.txt,DOWNLOAD,1587964
2025-09-30T02:26:38.268704Z,donaldgarcia,/shared/finance/q1.xlsx,READ,4973484
2025-09-27T03:25:44.269249Z,mitchellclark,/shared/hr/payroll.csv,WRITE,2166621
2025-10-01T06:16:44.270247Z,janetwilliams,/shared/finance/q1.xlsx,WRITE,1111059
2025-09-27T05:58:36.271247Z,dudleynicholas,/home/user/secrets.txt,READ,2245427
2025-09-27T16:04:47.272237Z,michellejames,/home/user/secrets.txt,DELETE,384227
2025-10-01T04:49:23.273232Z,robinsonwilliam,/home/user/secrets.txt,WRITE,1964776
2025-09-26T11:23:53.274228Z,hoffmanjennifer,/home/user/secrets.txt,DOWNLOAD,909658
2025-09-25T06:35:03.274228Z,cassandra07,/home/user/secrets.txt,READ,1927180
2025-09-29T18:02:12.275233Z,susanrogers,/shared/finance/q1.xlsx,DELETE,3866302
2025-09-30T17:13:12.275233Z,mitchellclark,/shared/hr/payroll.csv,DELETE,1336090
2025-09-24T22:00:14.276233Z,janetwilliams,/home/user/secrets.txt,DOWNLOAD,3168554
2025-09-28T14:38:57.276233Z,amandasanchez,/shared/finance/q1.xlsx,READ,2194525
2025-10-01T06:06:44.277229Z,lrobinson,/shared/hr/payroll.csv,READ,3875245
2025-09-27T04:06:06.277229Z,maria95,/shared/finance/q1.xlsx,READ,3941236
2025-09-29T02:50:51.278230Z,maria95,/shared/finance/q1.xlsx,WRITE,4132069
2025-09-28T20:02:36.279229Z,jamesmichael,/home/user/secrets.txt,WRITE,616575
2025-09-26T07:39:59.280050Z,mitchellclark,/shared/hr/payroll.csv,READ,4427590
2025-10-01T12:43:52.280050Z,jamesmichael,/shared/finance/q1.xlsx,DELETE,3787740
2025-09-29T23:32:48.281038Z,dudleynicholas,/tmp/test.bin,DOWNLOAD,824204
2025-09-29T16:06:36.283029Z,michellejames,/home/user/secrets.txt,DELETE,3002106
2025-09-27T07:39:03.284027Z,kendragalloway,/tmp/test.bin,WRITE,129703
2025-09-28T12:49:47.285027Z,mitchellclark,/shared/hr/payroll.csv,DOWNLOAD,879972
2025-09-30T19:16:23.285027Z,donaldgarcia,/tmp/test.bin,DELETE,3191431
2025-09-26T20:03:14.286027Z,hoffmanjennifer,/home/user/secrets.txt,READ,2853687
2025-09-27T20:39:16.287027Z,amandasanchez,/tmp/test.bin,DELETE,131134
2025-09-28T21:14:41.287027Z,jamesmichael,/home/user/secrets.txt,DELETE,4881976
2025-09-27T02:27:10.287027Z,janetwilliams,/shared/hr/payroll.csv,WRITE,3830515
2025-10-01T10:35:34.288028Z,susanrogers,/shared/finance/q1.xlsx,DOWNLOAD,2787490
2025-09-28T16:02:14.290027Z,mitchellclark,/shared/finance/q1.xlsx,DELETE,2189744
2025-09-30T22:38:49.291039Z,xreid,/shared/hr/payroll.csv,READ,3860561
2025-09-26T02:05:47.292042Z,donaldgarcia,/shared/finance/q1.xlsx,DOWNLOAD,3440264
2025-09-26T10:31:08.292042Z,donaldgarcia,/home/user/secrets.txt,DELETE,4438875
2025-09-25T17:21:25.293032Z,hoffmanjennifer,/home/user/secrets.txt,DELETE,1075447
2025-09-29T20:30:07.293032Z,robinsonwilliam,/shared/finance/q1.xlsx,DELETE,628717
2025-09-28T08:01:35.293032Z,dudleynicholas,/home/user/secrets.txt,WRITE,1061014
2025-09-26T03:29:48.294027Z,kendragalloway,/shared/finance/q1.xlsx,WRITE,2106375
2025-09-24T21:23:00.295032Z,jpeterson,/home/user/secrets.txt,READ,146210
2025-09-30T01:20:17.296033Z,jpeterson,/shared/hr/payroll.csv,WRITE,3613703
2025-09-29T20:01:06.297027Z,mitchellclark,/tmp/test.bin,READ,704915
2025-09-28T09:49:37.298026Z,maria95,/shared/hr/payroll.csv,WRITE,3411067
2025-10-01T11:33:57.298026Z,johnsonjoshua,/tmp/test.bin,READ,3564440
2025-09-26T14:36:36.300027Z,jamesmichael,/shared/finance/q1.xlsx,DELETE,2640294
2025-09-30T15:06:20.301068Z,lrobinson,/home/user/secrets.txt,DELETE,838145
2025-09-29T06:36:08.301068Z,dudleynicholas,/shared/finance/q1.xlsx,WRITE,448549
2025-09-29T08:39:54.302051Z,mitchellclark,/tmp/test.bin,DELETE,1221733
2025-09-28T13:42:34.303051Z,johnsonjoshua,/shared/hr/payroll.csv,DELETE,2194902
2025-09-29T15:00:32.304046Z,hoffmanjennifer,/shared/finance/q1.xlsx,DOWNLOAD,2119241
2025-09-25T11:22:45.304046Z,mitchellclark,/home/user/secrets.txt,WRITE,1446216
2025-09-28T18:55:44.304046Z,donaldgarcia,/home/user/secrets.txt,DELETE,2678689
2025-09-26T20:14:08.305047Z,jacqueline19,/home/user/secrets.txt,READ,3833963
2025-09-27T09:34:02.306050Z,garzaanthony,/shared/finance/q1.xlsx,WRITE,3620631
2025-09-28T12:25:58.307045Z,cassandra07,/tmp/test.bin,WRITE,3655272
2025-09-30T08:19:43.308046Z,cassandra07,/shared/hr/payroll.csv,DELETE,3961246
2025-09-30T21:58:25.308046Z,garzaanthony,/tmp/test.bin,WRITE,1536590
2025-09-26T23:22:57.309047Z,susanrogers,/tmp/test.bin,DELETE,420445
2025-09-28T21:57:27.309047Z,cassandra07,/shared/hr/payroll.csv,READ,853261
2025-09-28T01:25:31.310045Z,hoffmanjennifer,/tmp/test.bin,DELETE,1813883
2025-09-24T20:08:30.311054Z,cassandra07,/shared/finance/q1.xlsx,DOWNLOAD,4084352
2025-09-28T15:46:57.311615Z,cassandra07,/shared/finance/q1.xlsx,DOWNLOAD,4506686
2025-09-27T16:33:23.311615Z,dudleynicholas,/home/user/secrets.txt,READ,2362147
2025-10-01T15:31:21.311615Z,cassandra07,/home/user/secrets.txt,DOWNLOAD,1503078
2025-09-29T20:42:03.313592Z,cassandra07,/home/user/secrets.txt,WRITE,1134729
2025-09-29T09:29:38.313592Z,johnsonjoshua,/shared/finance/q1.xlsx,WRITE,3128369
2025-09-30T19:24:08.315584Z,maria95,/home/user/secrets.txt,READ,2020695
2025-09-28T09:32:44.316583Z,xreid,/home/user/secrets.txt,READ,3801719
2025-09-28T08:49:30.317583Z,johnsonjoshua,/tmp/test.bin,READ,935121
2025-09-27T19:37:48.319585Z,michellejames,/shared/hr/payroll.csv,READ,4711752
2025-10-01T12:42:01.320583Z,susanrogers,/tmp/test.bin,READ,1149976
2025-09-27T00:34:04.321591Z,maria95,/home/user/secrets.txt,WRITE,3672944
2025-09-27T17:45:06.323121Z,xreid,/tmp/test.bin,WRITE,2504310
2025-10-01T05:21:46.323121Z,jacqueline19,/home/user/secrets.txt,READ,4015938
2025-09-26T19:03:59.325114Z,lrobinson,/home/user/secrets.txt,WRITE,2127677
2025-09-26T03:15:24.326112Z,donaldgarcia,/tmp/test.bin,DELETE,4584076
2025-09-29T22:47:00.326112Z,michellejames,/tmp/test.bin,WRITE,3935607
2025-09-27T01:01:55.327121Z,garzaanthony,/home/user/secrets.txt,WRITE,4129124
2025-10-01T17:33:03.327121Z,jpeterson,/tmp/test.bin,WRITE,1638284
2025-09-28T11:55:37.327121Z,xreid,/shared/hr/payroll.csv,DOWNLOAD,1955983
2025-09-28T03:45:09.328115Z,mitchellclark,/home/user/secrets.txt,READ,3121511
2025-10-01T11:53:30.330115Z,jacqueline19,/tmp/test.bin,DOWNLOAD,3437830
2025-09-29T14:05:12.331114Z,amandasanchez,/shared/hr/payroll.csv,DELETE,4173152
2025-09-28T01:17:39.332116Z,lrobinson,/tmp/test.bin,DOWNLOAD,4951507
2025-09-25T04:18:24.333114Z,donaldgarcia,/shared/hr/payroll.csv,WRITE,3676516
2025-09-27T05:31:54.333114Z,janetwilliams,/shared/finance/q1.xlsx,WRITE,3588032
2025-09-26T00:25:20.334120Z,johnsonjoshua,/home/user/secrets.txt,READ,570336
2025-09-30T17:46:19.335125Z,dudleynicholas,/shared/finance/q1.xlsx,WRITE,3533997
2025-09-26T03:12:04.337114Z,amandasanchez,/home/user/secrets.txt,READ,3700276
2025-09-25T05:03:42.337114Z,lrobinson,/shared/finance/q1.xlsx,WRITE,4124545
2025-09-25T15:01:00.337114Z,johnsonjoshua,/shared/hr/payroll.csv,READ,2626313
2025-09-28T02:48:06.338114Z,cassandra07,/shared/hr/payroll.csv,READ,1137738
2025-09-27T01:36:27.339115Z,jpeterson,/home/user/secrets.txt,READ,2804414
2025-09-26T15:54:33.341114Z,jpeterson,/shared/hr/payroll.csv,WRITE,4300428
2025-09-25T21:23:14.341114Z,hoffmanjennifer,/home/user/secrets.txt,READ,499098
2025-09-29T14:18:07.341114Z,robinsonwilliam,/tmp/test.bin,WRITE,1537902
2025-09-30T15:55:42.342121Z,jacqueline19,/tmp/test.bin,WRITE,3871167
2025-09-28T08:37:47.342121Z,lrobinson,/shared/finance/q1.xlsx,DELETE,2652589
2025-09-27T09:20:32.344113Z,xreid,/tmp/test.bin,WRITE,122010
2025-09-25T01:38:04.346129Z,susanrogers,/shared/finance/q1.xlsx,READ,491238
2025-09-24T22:52:27.346129Z,michellejames,/shared/finance/q1.xlsx,WRITE,794411
2025-09-24T20:36:24.347121Z,kendragalloway,/home/user/secrets.txt,WRITE,1066630
2025-09-27T02:19:49.353130Z,robinsonwilliam,/tmp/test.bin,WRITE,1904908
2025-09-25T11:38:14.354122Z,cassandra07,/tmp/test.bin,WRITE,4655681
2025-09-28T21:54:13.355120Z,maria95,/shared/hr/payroll.csv,DOWNLOAD,4960366
2025-10-01T09:56:41.355673Z,johnsonjoshua,/tmp/test.bin,READ,4921567
2025-09-29T00:46:52.357673Z,garzaanthony,/shared/hr/payroll.csv,DOWNLOAD,4845025
2025-09-27T12:36:34.357673Z,mitchellclark,/shared/finance/q1.xlsx,DOWNLOAD,1864021
2025-09-29T00:24:15.358663Z,robinsonwilliam,/shared/hr/payroll.csv,READ,4905503
2025-09-27T18:17:23.358663Z,lisa02,/home/user/secrets.txt,DELETE,2379679
2025-09-28T11:45:37.360665Z,hoffmanjennifer,/shared/finance/q1.xlsx,WRITE,4471514
2025-10-01T03:36:36.360665Z,susanrogers,/shared/finance/q1.xlsx,DELETE,1994498
2025-09-30T10:06:25.360665Z,michellejames,/shared/hr/payroll.csv,DELETE,4527336
2025-09-30T05:29:06.361663Z,dudleynicholas,/shared/hr/payroll.csv,DOWNLOAD,4045448
2025-09-26T19:48:40.361663Z,lrobinson,/shared/finance/q1.xlsx,WRITE,2958399
2025-09-29T16:24:13.361663Z,janetwilliams,/shared/finance/q1.xlsx,DOWNLOAD,3308626
2025-09-30T17:24:21.362663Z,donaldgarcia,/home/user/secrets.txt,READ,418610
2025-09-29T07:43:16.362663Z,lisa02,/tmp/test.bin,DELETE,1151058
2025-09-25T17:58:53.363663Z,janetwilliams,/tmp/test.bin,READ,725972
2025-09-29T08:47:34.363663Z,lisa02,/shared/hr/payroll.csv,DOWNLOAD,2812206
2025-09-25T11:46:34.363663Z,jacqueline19,/tmp/test.bin,WRITE,1659769
2025-09-29T01:48:04.364665Z,susanrogers,/shared/hr/payroll.csv,READ,272641
2025-09-25T02:22:31.365669Z,jpeterson,/tmp/test.bin,DOWNLOAD,1008669
2025-09-28T13:33:22.366671Z,jacqueline19,/shared/finance/q1.xlsx,DOWNLOAD,2583363
2025-09-29T09:18:11.368669Z,amandasanchez,/shared/finance/q1.xlsx,WRITE,3533946
2025-09-27T02:11:27.369664Z,jamesmichael,/tmp/test.bin,WRITE,92942
2025-09-29T13:45:13.371664Z,amandasanchez,/tmp/test.bin,READ,4828472
2025-09-26T07:20:21.371664Z,cassandra07,/shared/hr/payroll.csv,DELETE,2307384
2025-09-28T15:29:05.372665Z,garzaanthony,/shared/hr/payroll.csv,DOWNLOAD,1615525
2025-09-25T20:01:46.373673Z,janetwilliams,/shared/finance/q1.xlsx,READ,3623900
2025-10-01T04:17:13.374670Z,lrobinson,/shared/hr/payroll.csv,DELETE,4704979
2025-09-28T20:53:01.375663Z,johnsonjoshua,/shared/finance/q1.xlsx,WRITE,492430
2025-09-26T02:59:42.375663Z,dudleynicholas,/tmp/test.bin,READ,1116087
2025-10-01T13:14:42.375663Z,michellejames,/shared/finance/q1.xlsx,READ,4676128
2025-09-30T03:48:34.376673Z,janetwilliams,/tmp/test.bin,DOWNLOAD,134514
2025-09-28T01:57:41.376673Z,johnsonjoshua,/home/user/secrets.txt,WRITE,2144632
2025-09-30T03:10:29.377673Z,michellejames,/home/user/secrets.txt,DOWNLOAD,1784268
2025-09-29T22:08:23.378670Z,susanrogers,/home/user/secrets.txt,WRITE,3628039
2025-09-24T23:18:42.378670Z,kendragalloway,/tmp/test.bin,READ,1739255
2025-09-28T11:16:27.379664Z,maria95,/shared/finance/q1.xlsx,WRITE,4161244
2025-09-29T01:58:24.383664Z,xreid,/tmp/test.bin,WRITE,2052630
2025-09-29T13:02:19.383664Z,dudleynicholas,/shared/finance/q1.xlsx,DOWNLOAD,3379393
2025-09-25T04:41:51.385664Z,michellejames,/shared/finance/q1.xlsx,WRITE,4756948
2025-09-25T00:50:08.385664Z,robinsonwilliam,/home/user/secrets.txt,WRITE,3251610
2025-09-25T13:42:13.387670Z,cassandra07,/shared/finance/q1.xlsx,DELETE,3084025
2025-09-25T22:14:53.388670Z,janetwilliams,/home/user/secrets.txt,WRITE,2678465
2025-09-26T11:08:21.391667Z,johnsonjoshua,/tmp/test.bin,DOWNLOAD,3471733
2025-09-25T00:42:19.392667Z,hoffmanjennifer,/home/user/secrets.txt,DOWNLOAD,3551541
2025-09-28T18:32:14.392667Z,michellejames,/shared/finance/q1.xlsx,WRITE,1772418
2025-09-26T21:40:35.393666Z,jamesmichael,/shared/hr/payroll.csv,DELETE,4608084
2025-09-29T08:19:34.393666Z,mitchellclark,/tmp/test.bin,DELETE,4867570
2025-09-28T23:20:07.394666Z,lisa02,/shared/finance/q1.xlsx,READ,2098583
2025-09-26T18:54:05.395664Z,lisa02,/home/user/secrets.txt,READ,3386613
2025-10-01T07:06:31.395664Z,cassandra07,/home/user/secrets.txt,WRITE,2330987
2025-09-29T14:16:15.396664Z,dudleynicholas,/tmp/test.bin,READ,2806898
2025-09-24T18:02:48.397664Z,dudleynicholas,/home/user/secrets.txt,DOWNLOAD,1067717
2025-10-01T09:28:37.397664Z,michellejames,/home/user/secrets.txt,DOWNLOAD,741422
2025-09-24T18:50:48.398675Z,lisa02,/home/user/secrets.txt,DOWNLOAD,2307693
2025-09-29T09:16:59.399672Z,lisa02,/shared/hr/payroll.csv,READ,682025
2025-09-29T08:28:09.399672Z,garzaanthony,/shared/finance/q1.xlsx,WRITE,2678075
2025-09-30T02:36:03.400664Z,robinsonwilliam,/tmp/test.bin,READ,1705220
2025-09-29T03:54:44.400664Z,jacqueline19,/home/user/secrets.txt,DOWNLOAD,629841
2025-09-25T15:55:00.402663Z,robinsonwilliam,/tmp/test.bin,WRITE,1612072
2025-10-01T09:20:19.402663Z,amandasanchez,/shared/finance/q1.xlsx,WRITE,2911092
2025-10-01T06:04:00.402663Z,cassandra07,/shared/hr/payroll.csv,DOWNLOAD,4668466
2025-09-27T17:18:26.403663Z,johnsonjoshua,/tmp/test.bin,READ,2675433
2025-10-01T05:23:52.403663Z,jamesmichael,/shared/hr/payroll.csv,DELETE,3724979
2025-09-28T10:12:32.404663Z,jamesmichael,/shared/hr/payroll.csv,READ,267678
2025-09-30T16:38:44.405668Z,hoffmanjennifer,/home/user/secrets.txt,READ,2533657
2025-09-27T05:09:00.405668Z,robinsonwilliam,/home/user/secrets.txt,WRITE,1775418
2025-09-27T11:14:45.406664Z,jpeterson,/shared/finance/q1.xlsx,READ,2480581
2025-10-01T01:59:10.406664Z,michellejames,/shared/hr/payroll.csv,DOWNLOAD,4592259
2025-09-28T08:32:09.408668Z,xreid,/home/user/secrets.txt,DOWNLOAD,1535775
2025-09-27T01:03:52.409672Z,jpeterson,/shared/hr/payroll.csv,DELETE,1061160
2025-09-25T07:26:33.410669Z,donaldgarcia,/shared/finance/q1.xlsx,DOWNLOAD,2893907
2025-09-27T01:00:25.411665Z,susanrogers,/home/user/secrets.txt,DELETE,1335653
2025-10-01T00:09:19.412664Z,lisa02,/shared/hr/payroll.csv,READ,3111966
2025-09-29T17:22:18.412664Z,janetwilliams,/tmp/test.bin,WRITE,4660457
2025-09-30T17:49:50.412664Z,michellejames,/shared/finance/q1.xlsx,READ,3712675
2025-09-28T06:13:42.413664Z,robinsonwilliam,/tmp/test.bin,WRITE,1633860
2025-09-28T18:57:20.413664Z,johnsonjoshua,/shared/finance/q1.xlsx,READ,2167387
2025-10-01T05:12:57.413664Z,johnsonjoshua,/shared/hr/payroll.csv,READ,806839
2025-09-27T20:53:28.414663Z,jacqueline19,/shared/hr/payroll.csv,DOWNLOAD,146532
2025-10-01T04:55:30.414663Z,amandasanchez,/shared/finance/q1.xlsx,DELETE,4460176
2025-09-28T03:39:40.416663Z,mitchellclark,/shared/hr/payroll.csv,DOWNLOAD,3189197
2025-09-30T14:57:22.416663Z,mitchellclark,/shared/hr/payroll.csv,DOWNLOAD,2943720
2025-09-27T08:34:57.417663Z,cassandra07,/tmp/test.bin,DOWNLOAD,1747167
2025-09-24T22:25:21.418664Z,dudleynicholas,/shared/hr/payroll.csv,WRITE,2488678
2025-09-25T09:12:39.418664Z,dudleynicholas,/tmp/test.bin,DOWNLOAD,3061159
2025-09-26T07:50:21.419669Z,jamesmichael,/home/user/secrets.txt,READ,3921175
2025-09-27T17:41:32.419669Z,johnsonjoshua,/home/user/secrets.txt,WRITE,4122756
2025-09-30T14:10:58.420666Z,michellejames,/tmp/test.bin,DELETE,3231889
2025-09-25T15:44:53.420666Z,donaldgarcia,/home/user/secrets.txt,READ,2588527
2025-09-26T00:41:25.421669Z,jamesmichael,/home/user/secrets.txt,DELETE,1111613
2025-09-30T17:21:40.421669Z,kendragalloway,/tmp/test.bin,DELETE,1887636
2025-09-25T17:59:42.422665Z,johnsonjoshua,/tmp/test.bin,WRITE,4701490
2025-09-26T19:07:33.422665Z,lisa02,/shared/finance/q1.xlsx,WRITE,2291285
2025-09-27T03:11:51.423664Z,lrobinson,/shared/finance/q1.xlsx,DOWNLOAD,2059680
2025-09-26T04:57:04.423664Z,xreid,/shared/finance/q1.xlsx,DOWNLOAD,74113
2025-09-26T04:51:22.424664Z,donaldgarcia,/shared/hr/payroll.csv,READ,600778
2025-09-27T22:45:56.424664Z,jamesmichael,/shared/finance/q1.xlsx,DELETE,3257280
2025-09-30T19:03:00.425663Z,maria95,/home/user/secrets.txt,DOWNLOAD,1904324
2025-09-30T13:32:31.427665Z,susanrogers,/shared/hr/payroll.csv,DELETE,2166005
2025-09-29T00:03:25.428664Z,cassandra07,/home/user/secrets.txt,READ,4016648
2025-09-30T14:34:06.428664Z,lrobinson,/shared/hr/payroll.csv,DELETE,120930
2025-09-25T04:57:02.429664Z,kendragalloway,/tmp/test.bin,DELETE,1614014
2025-09-29T13:12:01.429664Z,lisa02,/tmp/test.bin,DELETE,2241165
2025-09-27T03:43:49.430673Z,maria95,/home/user/secrets.txt,DELETE,18460
2025-09-26T06:59:09.430673Z,janetwilliams,/shared/hr/payroll.csv,DELETE,174680
2025-09-27T18:48:52.430673Z,johnsonjoshua,/tmp/test.bin,DOWNLOAD,2377157
2025-10-01T02:59:32.431670Z,jamesmichael,/shared/finance/q1.xlsx,DOWNLOAD,4900977
2025-09-25T14:50:41.431670Z,garzaanthony,/shared/hr/payroll.csv,READ,4553500
2025-09-26T11:23:37.432674Z,susanrogers,/shared/hr/payroll.csv,WRITE,4705925
2025-09-25T02:00:11.432674Z,jamesmichael,/shared/finance/q1.xlsx,WRITE,3684905
2025-09-26T15:17:30.434664Z,jacqueline19,/home/user/secrets.txt,READ,4026686
2025-09-27T02:19:00.435664Z,maria95,/tmp/test.bin,DOWNLOAD,3354564
2025-09-30T12:02:54.436663Z,robinsonwilliam,/home/user/secrets.txt,DELETE,1316895
2025-09-30T07:07:51.437666Z,donaldgarcia,/shared/hr/payroll.csv,DELETE,2546578
2025-09-28T02:28:54.438665Z,xreid,/shared/finance/q1.xlsx,DOWNLOAD,3008256
2025-09-27T18:05:42.439664Z,kendragalloway,/shared/finance/q1.xlsx,READ,3262570
2025-10-01T07:01:36.442665Z,robinsonwilliam,/shared/finance/q1.xlsx,DOWNLOAD,1607855
2025-09-30T17:52:08.442665Z,hoffmanjennifer,/shared/hr/payroll.csv,DOWNLOAD,413681
2025-09-29T05:59:08.443663Z,jacqueline19,/shared/hr/payroll.csv,WRITE,2844184
2025-10-01T17:12:41.443663Z,michellejames,/tmp/test.bin,WRITE,1181653
2025-09-30T19:19:10.445663Z,mitchellclark,/tmp/test.bin,READ,161858
2025-09-26T22:06:08.445663Z,johnsonjoshua,/shared/hr/payroll.csv,DELETE,820966
2025-09-30T11:59:43.448663Z,kendragalloway,/tmp/test.bin,READ,2514941
2025-10-01T12:02:18.448663Z,jacqueline19,/shared/finance/q1.xlsx,DELETE,1935176
2025-10-01T16:59:09.449664Z,jacqueline19,/shared/hr/payroll.csv,WRITE,3368270
2025-10-01T04:16:31.449664Z,kendragalloway,/home/user/secrets.txt,READ,2552302
2025-09-30T11:21:08.451670Z,lisa02,/tmp/test.bin,DOWNLOAD,984545
2025-09-27T04:23:58.452672Z,janetwilliams,/home/user/secrets.txt,DOWNLOAD,1210602
2025-09-29T18:13:55.452672Z,jacqueline19,/home/user/secrets.txt,DELETE,1692118
2025-09-25T07:47:20.454663Z,donaldgarcia,/shared/hr/payroll.csv,DELETE,1201018
2025-09-26T23:43:25.455664Z,jacqueline19,/shared/finance/q1.xlsx,DOWNLOAD,4843896
2025-09-27T16:14:50.457661Z,mitchellclark,/shared/finance/q1.xlsx,READ,2177814
2025-09-26T06:55:43.458661Z,amandasanchez,/home/user/secrets.txt,WRITE,4740419
2025-09-25T21:19:36.460661Z,susanrogers,/shared/finance/q1.xlsx,DOWNLOAD,2972391
2025-09-30T12:47:18.460661Z,hoffmanjennifer,/shared/finance/q1.xlsx,DELETE,491970
2025-09-26T16:59:05.461663Z,johnsonjoshua,/home/user/secrets.txt,DELETE,3500199
2025-10-01T11:00:20.464661Z,donaldgarcia,/home/user/secrets.txt,WRITE,3543836
2025-10-01T08:00:24.465662Z,xreid,/tmp/test.bin,WRITE,4395675
2025-09-25T07:49:58.466662Z,donaldgarcia,/shared/finance/q1.xlsx,WRITE,2931734
2025-09-28T13:43:31.468667Z,robinsonwilliam,/shared/finance/q1.xlsx,READ,1849222
2025-09-28T05:49:58.469663Z,kendragalloway,/shared/finance/q1.xlsx,WRITE,3298269
2025-09-25T06:30:17.469663Z,maria95,/shared/finance/q1.xlsx,READ,224497
2025-09-29T13:31:42.470663Z,xreid,/shared/finance/q1.xlsx,READ,2609836
2025-09-26T17:01:53.471662Z,amandasanchez,/shared/hr/payroll.csv,DOWNLOAD,619075
2025-09-30T22:43:54.472669Z,robinsonwilliam,/home/user/secrets.txt,DELETE,4958128
2025-09-26T13:53:00.473666Z,susanrogers,/home/user/secrets.txt,WRITE,388662
2025-09-29T02:22:16.474669Z,lisa02,/tmp/test.bin,DOWNLOAD,99400
2025-09-28T04:05:10.475663Z,michellejames,/tmp/test.bin,READ,4617200
2025-09-28T10:50:48.475663Z,mitchellclark,/home/user/secrets.txt,READ,1597196
2025-09-26T00:43:47.475663Z,susanrogers,/tmp/test.bin,DOWNLOAD,4682116
2025-09-25T01:06:55.476662Z,johnsonjoshua,/shared/hr/payroll.csv,DELETE,2779043
2025-09-30T03:45:42.477663Z,garzaanthony,/tmp/test.bin,READ,2596259
2025-09-25T12:16:17.478663Z,maria95,/tmp/test.bin,READ,65115
2025-09-25T12:27:42.478663Z,jacqueline19,/tmp/test.bin,DELETE,1220826
2025-09-30T02:32:27.479664Z,jpeterson,/tmp/test.bin,WRITE,3573909
2025-09-26T02:20:50.479664Z,michellejames,/tmp/test.bin,READ,3908847
2025-09-27T14:56:17.479664Z,lisa02,/home/user/secrets.txt,DOWNLOAD,4879173
2025-09-24T21:15:25.481662Z,amandasanchez,/home/user/secrets.txt,WRITE,3358021
2025-09-25T22:04:04.482663Z,robinsonwilliam,/shared/hr/payroll.csv,WRITE,208796
2025-09-26T16:50:01.482663Z,kendragalloway,/shared/finance/q1.xlsx,DELETE,2170017
2025-09-27T03:59:23.483671Z,donaldgarcia,/home/user/secrets.txt,DOWNLOAD,597275
2025-09-29T00:08:12.484673Z,robinsonwilliam,/shared/hr/payroll.csv,READ,2390596
2025-10-01T14:30:28.484673Z,dudleynicholas,/home/user/secrets.txt,READ,687097
2025-09-30T14:55:34.485669Z,lrobinson,/shared/hr/payroll.csv,READ,3073485
2025-09-25T15:23:19.485669Z,kendragalloway,/shared/finance/q1.xlsx,WRITE,2830393
2025-09-30T10:09:35.485669Z,donaldgarcia,/home/user/secrets.txt,DOWNLOAD,4959030
2025-09-25T16:19:52.486663Z,xreid,/shared/hr/payroll.csv,DOWNLOAD,988047
2025-09-28T21:21:59.487662Z,janetwilliams,/tmp/test.bin,DELETE,581089
2025-09-27T03:39:57.487662Z,dudleynicholas,/shared/hr/payroll.csv,WRITE,856796
2025-09-30T19:50:44.488662Z,jamesmichael,/home/user/secrets.txt,DELETE,1170293
2025-09-27T18:21:16.489662Z,xreid,/shared/hr/payroll.csv,DOWNLOAD,302017
2025-09-27T00:37:39.489662Z,lrobinson,/tmp/test.bin,DOWNLOAD,4572966
2025-09-29T12:58:46.489662Z,cassandra07,/shared/finance/q1.xlsx,READ,3411646
2025-09-28T07:26:12.490663Z,kendragalloway,/home/user/secrets.txt,READ,1367635
2025-09-27T20:28:28.493667Z,lisa02,/tmp/test.bin,DELETE,300016
2025-10-01T15:23:49.494677Z,johnsonjoshua,/shared/finance/q1.xlsx,DELETE,4386528
2025-09-25T01:40:17.495672Z,jamesmichael,/shared/hr/payroll.csv,WRITE,3135945
2025-09-26T15:20:17.495672Z,mitchellclark,/shared/hr/payroll.csv,DELETE,3466971
2025-09-26T17:22:58.496666Z,robinsonwilliam,/tmp/test.bin,READ,609781
2025-09-26T11:15:04.497662Z,jacqueline19,/shared/finance/q1.xlsx,DOWNLOAD,2967288
2025-09-29T03:59:25.497662Z,johnsonjoshua,/shared/hr/payroll.csv,READ,3433451
2025-09-29T22:22:18.498663Z,kendragalloway,/home/user/secrets.txt,DELETE,2941084
2025-09-30T07:15:10.498663Z,michellejames,/shared/finance/q1.xlsx,READ,3494038
2025-09-30T14:22:31.499669Z,xreid,/home/user/secrets.txt,WRITE,2804599
2025-09-30T23:35:17.499669Z,lrobinson,/home/user/secrets.txt,DELETE,3853510
2025-09-28T15:30:54.500671Z,dudleynicholas,/home/user/secrets.txt,WRITE,3262665
2025-09-29T11:44:38.501670Z,janetwilliams,/home/user/secrets.txt,DOWNLOAD,1482383
2025-10-01T14:18:28.501670Z,lisa02,/shared/hr/payroll.csv,DOWNLOAD,4592135
2025-09-26T13:07:44.502667Z,dudleynicholas,/home/user/secrets.txt,DOWNLOAD,1662781
2025-09-26T21:21:11.503662Z,mitchellclark,/shared/hr/payroll.csv,DELETE,4747780
2025-09-27T04:27:34.503662Z,janetwilliams,/tmp/test.bin,WRITE,3189092
2025-09-24T18:36:41.504671Z,johnsonjoshua,/shared/hr/payroll.csv,DOWNLOAD,3651804
2025-09-27T21:06:01.505673Z,lisa02,/shared/finance/q1.xlsx,DOWNLOAD,4262345
2025-09-26T02:20:44.506669Z,jpeterson,/home/user/secrets.txt,DELETE,2968063
2025-09-27T11:10:01.507663Z,jamesmichael,/home/user/secrets.txt,DELETE,4835927
2025-10-01T04:56:22.510665Z,mitchellclark,/tmp/test.bin,DOWNLOAD,2477595
2025-09-25T03:32:27.511663Z,jpeterson,/tmp/test.bin,DOWNLOAD,4963882
2025-09-30T07:58:57.511663Z,dudleynicholas,/shared/hr/payroll.csv,WRITE,2742534
2025-09-26T00:16:21.512664Z,lrobinson,/shared/hr/payroll.csv,DOWNLOAD,3327845
2025-09-27T09:09:33.512664Z,donaldgarcia,/home/user/secrets.txt,DOWNLOAD,4659413
2025-09-28T06:38:27.512664Z,dudleynicholas,/tmp/test.bin,READ,2326689
2025-09-30T07:45:30.513671Z,hoffmanjennifer,/shared/finance/q1.xlsx,WRITE,1798402
2025-09-25T05:03:46.513671Z,michellejames,/home/user/secrets.txt,READ,1518215
2025-10-01T14:16:17.516673Z,donaldgarcia,/home/user/secrets.txt,READ,2194027
2025-09-28T22:39:28.516673Z,maria95,/tmp/test.bin,DOWNLOAD,3873774
2025-09-27T11:51:20.517669Z,xreid,/tmp/test.bin,DOWNLOAD,3559261
2025-09-25T06:32:42.518663Z,cassandra07,/home/user/secrets.txt,WRITE,1666998
2025-09-25T11:32:27.518663Z,lisa02,/home/user/secrets.txt,DOWNLOAD,3027986
2025-09-24T19:51:21.519664Z,kendragalloway,/home/user/secrets.txt,DOWNLOAD,1648915
2025-09-24T19:58:11.519664Z,kendragalloway,/tmp/test.bin,READ,1832251
2025-09-28T04:52:43.521664Z,jpeterson,/shared/hr/payroll.csv,READ,184479
2025-09-25T18:15:33.523664Z,dudleynicholas,/tmp/test.bin,READ,142831
2025-09-29T08:30:33.524663Z,robinsonwilliam,/tmp/test.bin,DOWNLOAD,3023647
2025-09-26T11:14:45.524663Z,dudleynicholas,/shared/hr/payroll.csv,DELETE,3049515
2025-09-29T11:42:44.525668Z,xreid,/shared/finance/q1.xlsx,WRITE,2465799
2025-09-27T11:38:24.529664Z,cassandra07,/tmp/test.bin,DOWNLOAD,3449676
2025-09-24T22:03:40.531670Z,jpeterson,/shared/finance/q1.xlsx,DOWNLOAD,1986042
2025-09-25T23:56:38.535672Z,xreid,/home/user/secrets.txt,DOWNLOAD,4974483
2025-09-28T17:11:03.536668Z,lrobinson,/tmp/test.bin,WRITE,1208681
2025-09-30T06:29:58.537668Z,lrobinson,/shared/finance/q1.xlsx,DELETE,2263352
2025-09-28T01:26:18.537668Z,johnsonjoshua,/shared/finance/q1.xlsx,DELETE,1490480
2025-09-27T08:36:11.537668Z,garzaanthony,/shared/finance/q1.xlsx,WRITE,4305280
2025-09-25T15:25:24.538663Z,jacqueline19,/shared/hr/payroll.csv,DELETE,3656089
2025-09-29T16:14:00.538663Z,robinsonwilliam,/shared/hr/payroll.csv,DOWNLOAD,4476331
2025-09-30T22:22:52.540665Z,hoffmanjennifer,/home/user/secrets.txt,READ,2746481
2025-09-25T20:10:49.541664Z,jpeterson,/shared/hr/payroll.csv,WRITE,3521614
2025-09-26T14:37:51.542666Z,michellejames,/tmp/test.bin,DOWNLOAD,4119700
2025-09-27T15:57:18.543665Z,janetwilliams,/shared/hr/payroll.csv,DELETE,2921269
2025-09-26T05:18:24.544664Z,cassandra07,/shared/finance/q1.xlsx,READ,324632
2025-09-28T04:25:36.545663Z,donaldgarcia,/tmp/test.bin,READ,2392981
2025-09-25T08:22:28.545663Z,lisa02,/tmp/test.bin,READ,2369864
2025-09-28T18:24:56.545663Z,janetwilliams,/tmp/test.bin,READ,180975
2025-09-30T22:37:54.545663Z,kendragalloway,/shared/hr/payroll.csv,DELETE,916209
2025-09-28T18:32:47.547672Z,dudleynicholas,/tmp/test.bin,DELETE,4926633
2025-09-27T11:34:06.547672Z,janetwilliams,/tmp/test.bin,WRITE,4718357
2025-09-29T07:21:34.547672Z,janetwilliams,/shared/finance/q1.xlsx,DOWNLOAD,2488470
2025-09-30T04:18:59.548667Z,jamesmichael,/home/user/secrets.txt,WRITE,3306271
2025-09-30T18:50:49.548667Z,kendragalloway,/tmp/test.bin,WRITE,4233235
2025-09-26T05:59:34.549670Z,susanrogers,/home/user/secrets.txt,READ,4665020
2025-09-30T06:40:36.550665Z,cassandra07,/tmp/test.bin,READ,1313841
2025-09-27T03:59:19.551666Z,cassandra07,/shared/hr/payroll.csv,READ,3571406
2025-09-29T04:01:07.551666Z,hoffmanjennifer,/home/user/secrets.txt,DELETE,4823374
2025-09-24T18:11:11.552664Z,lrobinson,/shared/hr/payroll.csv,DOWNLOAD,4244194
2025-09-29T05:37:37.553663Z,robinsonwilliam,/tmp/test.bin,WRITE,3508660
2025-09-30T01:36:58.554663Z,jacqueline19,/tmp/test.bin,READ,1775212
2025-09-27T20:35:32.554663Z,kendragalloway,/tmp/test.bin,DELETE,2764317
2025-09-26T17:08:44.555668Z,mitchellclark,/tmp/test.bin,WRITE,2560957
2025-09-30T09:21:23.555668Z,lisa02,/shared/finance/q1.xlsx,READ,910115
2025-09-30T20:11:49.555668Z,susanrogers,/tmp/test.bin,READ,2882349
2025-09-27T22:52:41.556663Z,xreid,/tmp/test.bin,READ,487614
2025-09-29T20:39:03.556663Z,jamesmichael,/shared/hr/payroll.csv,READ,4378213
2025-09-25T11:50:32.557671Z,garzaanthony,/home/user/secrets.txt,WRITE,1544312
2025-09-29T22:13:39.559668Z,susanrogers,/shared/finance/q1.xlsx,READ,3887184
2025-10-01T05:21:08.559668Z,jpeterson,/shared/finance/q1.xlsx,READ,4932514
2025-09-29T21:28:31.560664Z,lrobinson,/home/user/secrets.txt,DELETE,1595449
2025-09-25T04:37:01.561663Z,cassandra07,/home/user/secrets.txt,DELETE,3463400
2025-09-28T18:23:34.562665Z,maria95,/shared/hr/payroll.csv,DELETE,159436
2025-09-26T22:55:32.562665Z,amandasanchez,/home/user/secrets.txt,READ,1017581
2025-09-28T05:12:15.562665Z,maria95,/tmp/test.bin,WRITE,558412
2025-09-30T13:32:15.563668Z,mitchellclark,/shared/hr/payroll.csv,READ,2054243
2025-09-29T07:07:21.563668Z,kendragalloway,/home/user/secrets.txt,READ,4574442
2025-09-25T18:04:14.564664Z,maria95,/home/user/secrets.txt,WRITE,3240350
2025-09-26T06:18:39.565663Z,donaldgarcia,/tmp/test.bin,DELETE,3658808
2025-09-30T15:46:41.565663Z,michellejames,/shared/finance/q1.xlsx,DELETE,905466
